ID,Case Number,Date,Block,IUCR,Primary Type,Description,Location Description,Arrest,Domestic,Beat,District,Ward,Community Area,FBI Code,X Coordinate,Y Coordinate,Year,Updated On,Latitude,Longitude,Location
10498554,HZ239907,4/4/2016 23:56,007XX E 111TH ST,1153,DECEPTIVE PRACTICE,FINANCIAL IDENTITY THEFT OVER $ 300,OTHER,FALSE,FALSE,531,5,9,50,11,1183356,1831503,2016,5/11/2016 15:48,41.69283384,-87.60431945,"(41.692833841, -87.60431945)"
10516598,HZ258664,4/15/2016 17:00,082XX S MARSHFIELD AVE,890,THEFT,FROM BUILDING,RESIDENCE,FALSE,FALSE,614,6,21,71,6,1166776,1850053,2016,5/12/2016 15:48,41.74410697,-87.66449429,"(41.744106973, -87.664494285)"
10519196,HZ261252,4/15/2016 10:00,104XX S SACRAMENTO AVE,1154,DECEPTIVE PRACTICE,FINANCIAL IDENTITY THEFT $300 AND UNDER,RESIDENCE,FALSE,FALSE,2211,22,19,74,11,,,2016,5/12/2016 15:50,,,
10519591,HZ261534,4/15/2016 9:00,113XX S PRAIRIE AVE,1120,DECEPTIVE PRACTICE,FORGERY,RESIDENCE,FALSE,FALSE,531,5,9,49,10,,,2016,5/13/2016 15:51,,,
10534446,HZ277630,4/15/2016 10:00,055XX N KEDZIE AVE,890,THEFT,FROM BUILDING,"SCHOOL, PUBLIC, BUILDING",FALSE,FALSE,1712,17,40,13,6,,,2016,5/25/2016 15:59,,,
10535059,HZ278872,4/15/2016 4:30,004XX S KILBOURN AVE,810,THEFT,OVER $500,RESIDENCE,FALSE,FALSE,1131,11,24,26,6,,,2016,5/25/2016 15:59,,,
10499802,HZ240778,4/15/2016 10:00,010XX N MILWAUKEE AVE,1152,DECEPTIVE PRACTICE,ILLEGAL USE CASH CARD,RESIDENCE,FALSE,FALSE,1213,12,27,24,11,,,2016,5/27/2016 15:45,,,
10522293,HZ264802,4/15/2016 16:00,019XX W DIVISION ST,1110,DECEPTIVE PRACTICE,BOGUS CHECK,RESTAURANT,FALSE,FALSE,1424,14,1,24,11,1163094,1908003,2016,5/16/2016 15:48,41.90320604,-87.67636193,"(41.903206037, -87.676361925)"
10523111,HZ265911,4/15/2016 8:00,061XX N SHERIDAN RD,1153,DECEPTIVE PRACTICE,FINANCIAL IDENTITY THEFT OVER $ 300,RESIDENCE,FALSE,FALSE,2433,24,48,77,11,,,2016,5/16/2016 15:50,,,
10525877,HZ268138,4/15/2016 15:00,023XX W EASTWOOD AVE,1153,DECEPTIVE PRACTICE,FINANCIAL IDENTITY THEFT OVER $ 300,,FALSE,FALSE,1911,19,47,4,11,,,2016,5/18/2016 15:50,,,
